"","FID","LE_ID","ENGLISH","COUNTY","GUID","Pop2016","C19_P14_T","P14_100k","P14_100k_T","Ire_IncP14","EventDate"
"1",1,13170402,"BALLYBAY-CLONES LEA-5","MONAGHAN","2ae19629-3f20-13a3-e055-000000000001",17255,"12",69.5,"69.5",88.2,"2020/09/28 00:00:00+00"
"2",2,1380405,"CLANE LEA-5","KILDARE","2ae19629-3ef4-13a3-e055-999880000001",28437,"6",21.1,"21.1",88.2,"2020/09/28 00:00:00+00"
"3",3,1320400,"CAVAN - BELTURBET LEA-6","CAVAN","2ae19629-3f29-13a3-e055-000000000001",25959,"7",27,"27",88.2,"2020/09/28 00:00:00+00"
"4",4,13260412,"TALLAGHT CENTRAL LEA-6","DUBLIN","2ae19629-3f51-13a3-e055-000000000001",43215,"59",136.5,"136.5",88.2,"2020/09/28 00:00:00+00"
"5",5,13230401,"MOATE LEA-4","WESTMEATH","2ae19629-3f37-13a3-e055-000000000001",18444,"5",27.1,"27.1",88.2,"2020/09/28 00:00:00+00"
"6",6,13210400,"NENAGH LEA-5","TIPPERARY","2ae19629-3f2c-13a3-e055-000000000001",21373,"8",37.4,"37.4",88.2,"2020/09/28 00:00:00+00"
"7",7,13140400,"DUNDALK-CARLINGFORD LEA-6","LOUTH","2ae19629-3f10-13a3-e055-000000000001",25599,"34",132.8,"132.8",88.2,"2020/09/28 00:00:00+00"
"8",8,13260422,"BALLYFERMOT-DRIMNAGH LEA-5","DUBLIN","2ae19629-3f58-13a3-e055-000000000001",46068,"85",184.5,"184.5",88.2,"2020/09/28 00:00:00+00"
"9",9,13260406,"DUNDRUM LEA-7","DUBLIN","2ae19629-3efd-13a3-e055-000000000001",37452,"33",88.1,"88.1",88.2,"2020/09/28 00:00:00+00"
"10",10,13260404,"HOWTH-MALAHIDE LEA-7","DUBLIN","2ae19629-3efb-13a3-e055-000000000001",56139,"83",147.8,"147.8",88.2,"2020/09/28 00:00:00+00"
"11",11,13260419,"PALMERSTOWN-FONTHILL LEA-5","DUBLIN","2ae19629-3ef4-13a3-e055-999770000001",38035,"70",184,"184",88.2,"2020/09/28 00:00:00+00"
"12",12,13260402,"BLANCHARDSTOWN-MULHUDDART LEA-5","DUBLIN","2ae19629-3ef9-13a3-e055-000000000001",35307,"48",136,"136",88.2,"2020/09/28 00:00:00+00"
"13",13,13260405,"STILLORGAN LEA-6","DUBLIN","2ae19629-3efc-13a3-e055-000000000001",30508,"33",108.2,"108.2",88.2,"2020/09/28 00:00:00+00"
"14",14,13260425,"SOUTH EAST INNER CITY LEA-5","DUBLIN","2ae19629-3f5b-13a3-e055-000000000001",40603,"69",169.9,"169.9",88.2,"2020/09/28 00:00:00+00"
"15",15,13260426,"NORTH INNER CITY LEA-7","DUBLIN","2ae19629-3f5c-13a3-e055-000000000001",63612,"115",180.8,"180.8",88.2,"2020/09/28 00:00:00+00"
"16",16,13150403,"BELMULLET-LEA-3","MAYO","2ae19629-3f17-13a3-e055-000000000001",12600,"Less than 5 cases",0,"Less than 5 cases",88.2,"2020/09/28 00:00:00+00"
"17",17,13260430,"SOUTH WEST INNER CITY LEA-5","DUBLIN","2ae19629-3ef4-13a3-e055-999660000001",42344,"80",188.9,"188.9",88.2,"2020/09/28 00:00:00+00"
"18",18,1340403,"CARRIGALINE LEA-6","CORK","2ae19629-3f66-13a3-e055-000000000001",35141,"22",62.6,"62.6",88.2,"2020/09/28 00:00:00+00"
"19",19,1390400,"CASTLECOMER LEA-6","KILKENNY","2ae19629-3f74-13a3-e055-000000000001",23581,"10",42.4,"42.4",88.2,"2020/09/28 00:00:00+00"
"20",20,13260400,"RUSH-LUSK LEA-5","DUBLIN","2ae19629-3ef7-13a3-e055-000000000001",34674,"52",150,"150",88.2,"2020/09/28 00:00:00+00"
"21",21,13150401,"CLAREMORRIS LEA-6","MAYO","2ae19629-3f15-13a3-e055-000000000001",27141,"7",25.8,"25.8",88.2,"2020/09/28 00:00:00+00"
"22",22,1370402,"KILLARNEY LEA-7","KERRY","2ae19629-3f6d-13a3-e055-000000000001",29607,"9",30.4,"30.4",88.2,"2020/09/28 00:00:00+00"
"23",23,13220420,"TRAMORE-WATERFORD CITY WEST LEA-6","WATERFORD","2ae19629-3f33-13a3-e055-000000000001",22372,"17",76,"76",88.2,"2020/09/28 00:00:00+00"
"24",24,1360404,"ATHENRY-ORANMORE LEA-7","GALWAY","2ae19629-3f4c-13a3-e055-000000000001",32833,"18",54.8,"54.8",88.2,"2020/09/28 00:00:00+00"
"25",25,1340411,"CORK CITY NORTH EAST LEA-6","CORK","2ae19629-3ef4-13a3-e055-999440000001",42169,"50",118.6,"118.6",88.2,"2020/09/28 00:00:00+00"
"26",26,13160400,"KELLS LEA-7","MEATH","2ae19629-3f18-13a3-e055-000000000001",32398,"23",71,"71",88.2,"2020/09/28 00:00:00+00"
"27",27,13240400,"GOREY LEA-6","WEXFORD","2ae19629-3f39-13a3-e055-000000000001",27351,"7",25.6,"25.6",88.2,"2020/09/28 00:00:00+00"
"28",28,1360405,"GORT-KINVARA LEA-5","GALWAY","2ae19629-3ef4-13a3-e055-999330000001",23505,"26",110.6,"110.6",88.2,"2020/09/28 00:00:00+00"
"29",29,13260416,"CLONDALKIN LEA-7","DUBLIN","2ae19629-3f55-13a3-e055-000000000001",46520,"93",199.9,"199.9",88.2,"2020/09/28 00:00:00+00"
"30",30,13180400,"BIRR LEA-6","OFFALY","2ae19629-3f21-13a3-e055-000000000001",25476,"9",35.3,"35.3",88.2,"2020/09/28 00:00:00+00"
"31",31,13250405,"BRAY EAST LEA-4","WICKLOW","2ae19629-3ef4-13a3-e055-999220000001",17127,"25",146,"146",88.2,"2020/09/28 00:00:00+00"
"32",32,1390401,"KILKENNY LEA-7","KILKENNY","2ae19629-3f75-13a3-e055-000000000001",28951,"5",17.3,"17.3",88.2,"2020/09/28 00:00:00+00"
"33",33,13130402,"LONGFORD LEA-7","LONGFORD","2ae19629-3f0f-13a3-e055-000000000001",16046,"9",56.1,"56.1",88.2,"2020/09/28 00:00:00+00"
"34",34,1380400,"MAYNOOTH LEA-5","KILDARE","2ae19629-3f6f-13a3-e055-000000000001",29730,"15",50.5,"50.5",88.2,"2020/09/28 00:00:00+00"
"35",35,13180402,"EDENDERRY LEA-6","OFFALY","2ae19629-3f23-13a3-e055-000000000001",23326,"12",51.4,"51.4",88.2,"2020/09/28 00:00:00+00"
"36",36,13140404,"DROGHEDA URBAN LEA-6","LOUTH","2ae19629-3ef4-13a3-e055-997550000001",27656,"14",50.6,"50.6",88.2,"2020/09/28 00:00:00+00"
"37",37,13100401,"PORTLAOISE LEA-7","LAOIS","2ae19629-3f00-13a3-e055-000000000001",31794,"11",34.6,"34.6",88.2,"2020/09/28 00:00:00+00"
"38",38,13260417,"BALBRIGGAN LEA-5","DUBLIN","2ae19629-3ef4-13a3-e055-997440000001",36570,"49",134,"134",88.2,"2020/09/28 00:00:00+00"
"39",39,1310401,"TULLOW LEA-6","CARLOW","2ae19629-3f03-13a3-e055-000000000001",18652,"9",48.3,"48.3",88.2,"2020/09/28 00:00:00+00"
"40",40,1360406,"CONAMARA SOUTH LEA-5","GALWAY","2ae19629-3ef4-13a3-e055-994560000001",21341,"6",28.1,"28.1",88.2,"2020/09/28 00:00:00+00"
"41",41,13250404,"ARKLOW LEA-6","WICKLOW","2ae19629-3ef6-13a3-e055-000000000001",26185,"5",19.1,"19.1",88.2,"2020/09/28 00:00:00+00"
"42",42,1380406,"LEIXLIP LEA-3","KILDARE","2ae19629-3ef4-13a3-e055-994510000001",15860,"26",163.9,"163.9",88.2,"2020/09/28 00:00:00+00"
"43",43,13130400,"GRANARD LEA-5","LONGFORD","2ae19629-3f0d-13a3-e055-000000000001",10674,"12",112.4,"112.4",88.2,"2020/09/28 00:00:00+00"
"44",44,13140401,"DUNDALK SOUTH LEA-7","LOUTH","2ae19629-3f11-13a3-e055-000000000001",32436,"42",129.5,"129.5",88.2,"2020/09/28 00:00:00+00"
"45",45,1340407,"SKIBBEREEN-WEST CORK LEA-5","CORK","2ae19629-3f42-13a3-e055-000000000001",30281,"6",19.8,"19.8",88.2,"2020/09/28 00:00:00+00"
"46",46,13260421,"CABRA-GLASNEVIN LEA-7","DUBLIN","2ae19629-3f57-13a3-e055-000000000001",58652,"78",133,"133",88.2,"2020/09/28 00:00:00+00"
"47",47,1390403,"CALLAN-THOMASTOWN LEA-6","KILKENNY","2ae19629-3f77-13a3-e055-000000000001",25357,"10",39.4,"39.4",88.2,"2020/09/28 00:00:00+00"
"48",48,13240402,"NEW ROSS LEA-6","WEXFORD","2ae19629-3f3b-13a3-e055-000000000001",27739,"7",25.2,"25.2",88.2,"2020/09/28 00:00:00+00"
"49",49,13210402,"CARRICK-ON-SUIR  LEA-5","TIPPERARY","2ae19629-3f2e-13a3-e055-000000000001",19440,"Less than 5 cases",0,"Less than 5 cases",88.2,"2020/09/28 00:00:00+00"
"50",50,13230400,"ATHLONE LEA-5","WESTMEATH","2ae19629-3f36-13a3-e055-000000000001",22692,"16",70.5,"70.5",88.2,"2020/09/28 00:00:00+00"
"51",51,13150400,"BALLINA LEA-6","MAYO","2ae19629-3f14-13a3-e055-000000000001",25110,"15",59.7,"59.7",88.2,"2020/09/28 00:00:00+00"
"52",52,1350404,"DONEGAL LEA-6","DONEGAL","2ae19629-3f47-13a3-e055-000000000001",26492,"17",64.2,"64.2",88.2,"2020/09/28 00:00:00+00"
"53",53,1360402,"BALLINASLOE LEA-6","GALWAY","2ae19629-3f4a-13a3-e055-000000000001",28110,"5",17.8,"17.8",88.2,"2020/09/28 00:00:00+00"
"54",54,13210405,"NEWPORT LEA-4","TIPPERARY","2ae19629-3ef4-13a3-e055-662310000001",16355,"Less than 5 cases",0,"Less than 5 cases",88.2,"2020/09/28 00:00:00+00"
"55",55,1340410,"CORK CITY NORTH WEST LEA-6","CORK","2ae19629-3ef4-13a3-e055-774560000001",40186,"33",82.1,"82.1",88.2,"2020/09/28 00:00:00+00"
"56",56,1340401,"FERMOY LEA-6","CORK","2ae19629-3f64-13a3-e055-000000000001",36406,"26",71.4,"71.4",88.2,"2020/09/28 00:00:00+00"
"57",57,13260424,"PEMBROKE LEA-5","DUBLIN","2ae19629-3f5a-13a3-e055-000000000001",45473,"26",57.2,"57.2",88.2,"2020/09/28 00:00:00+00"
"58",58,13260411,"LUCAN LEA-5","DUBLIN","2ae19629-3f50-13a3-e055-000000000001",33421,"46",137.6,"137.6",88.2,"2020/09/28 00:00:00+00"
"59",59,13250402,"GREYSTONES LEA-6","WICKLOW","2ae19629-3ef4-13a3-e055-000000000001",26323,"18",68.4,"68.4",88.2,"2020/09/28 00:00:00+00"
"60",60,13260413,"RATHFARNHAM-TEMPLEOGUE LEA-7","DUBLIN","2ae19629-3f52-13a3-e055-000000000001",47909,"77",160.7,"160.7",88.2,"2020/09/28 00:00:00+00"
"61",61,1310402,"MUINEBEAG LEA-5","CARLOW","2ae19629-3ef4-13a3-e055-553330000001",15630,"9",57.6,"57.6",88.2,"2020/09/28 00:00:00+00"
"62",62,1370401,"CASTLEISLAND LEA-4","KERRY","2ae19629-3f6c-13a3-e055-000000000001",17145,"Less than 5 cases",0,"Less than 5 cases",88.2,"2020/09/28 00:00:00+00"
"63",63,13160401,"LAYTOWN  BETTYSTOWN-LEA-7","MEATH","2ae19629-3f19-13a3-e055-000000000001",34121,"Less than 5 cases",0,"Less than 5 cases",88.2,"2020/09/28 00:00:00+00"
"64",64,1340404,"COBH LEA-6","CORK","2ae19629-3f67-13a3-e055-000000000001",34117,"30",87.9,"87.9",88.2,"2020/09/28 00:00:00+00"
"65",65,13220422,"WATERFORD CITY EAST LEA-6","WATERFORD","2ae19629-3f35-13a3-e055-000000000001",22987,"15",65.3,"65.3",88.2,"2020/09/28 00:00:00+00"
"66",66,1360420,"GALWAY CITY WEST LEA-6","GALWAY","2ae19629-3f4d-13a3-e055-000000000001",25371,"16",63.1,"63.1",88.2,"2020/09/28 00:00:00+00"
"67",67,1340408,"MACROOM LEA-6","CORK","2ae19629-3ef4-13a3-e055-222220000001",36844,"19",51.6,"51.6",88.2,"2020/09/28 00:00:00+00"
"68",68,13220400,"DUNGARVAN LEA-6","WATERFORD","2ae19629-3f31-13a3-e055-000000000001",20497,"Less than 5 cases",0,"Less than 5 cases",88.2,"2020/09/28 00:00:00+00"
"69",69,13250401,"BRAY WEST LEA-4","WICKLOW","2ae19629-3f3e-13a3-e055-000000000001",18404,"35",190.2,"190.2",88.2,"2020/09/28 00:00:00+00"
"70",70,1320402,"BALLYJAMESDUFF LEA-6","CAVAN","2ae19629-3f2b-13a3-e055-000000000001",25802,"9",34.9,"34.9",88.2,"2020/09/28 00:00:00+00"
"71",71,1340409,"MALLOW LEA-5","CORK","2ae19629-3ef4-13a3-e055-444440000001",29157,"16",54.9,"54.9",88.2,"2020/09/28 00:00:00+00"
"72",72,1380407,"NEWBRIDGE LEA-6","KILDARE","2ae19629-3ef4-13a3-e055-777770000001",35482,"8",22.5,"22.5",88.2,"2020/09/28 00:00:00+00"
"73",73,13160405,"NAVAN LEA-7","MEATH","2ae19629-3f1d-13a3-e055-000000000001",34931,"15",42.9,"42.9",88.2,"2020/09/28 00:00:00+00"
"74",74,13190402,"ATHLONE LEA-6","ROSCOMMON","2ae19629-3f26-13a3-e055-000000000001",19979,"11",55.1,"55.1",88.2,"2020/09/28 00:00:00+00"
"75",75,13130401,"BALLYMAHON LEA-6","LONGFORD","2ae19629-3f0e-13a3-e055-000000000001",14153,"Less than 5 cases",0,"Less than 5 cases",88.2,"2020/09/28 00:00:00+00"
"76",76,1370405,"TRALEE LEA-7","KERRY","2ae19629-3ef4-13a3-e055-000005600001",33038,"11",33.3,"33.3",88.2,"2020/09/28 00:00:00+00"
"77",77,1360421,"GALWAY CITY CENTRAL LEA-6","GALWAY","2ae19629-3f69-13a3-e055-000000000001",26702,"19",71.2,"71.2",88.2,"2020/09/28 00:00:00+00"
"78",78,13260423,"KIMMAGE-RATHMINES LEA-6","DUBLIN","2ae19629-3f59-13a3-e055-000000000001",55861,"158",282.8,"282.8",88.2,"2020/09/28 00:00:00+00"
"79",79,13120422,"LIMERICK CITY EAST LEA-7","LIMERICK","2ae19629-3f0c-13a3-e055-000000000001",35342,"8",22.6,"22.6",88.2,"2020/09/28 00:00:00+00"
"80",80,13210406,"THURLES LEA-5","TIPPERARY","2ae19629-3ef4-13a3-e055-000005500001",19382,"7",36.1,"36.1",88.2,"2020/09/28 00:00:00+00"
"81",81,13190401,"ROSCOMMON LEA-6","ROSCOMMON","2ae19629-3f25-13a3-e055-000000000001",22734,"11",48.4,"48.4",88.2,"2020/09/28 00:00:00+00"
"82",82,1380404,"KILDARE LEA-5","KILDARE","2ae19629-3f73-13a3-e055-000000000001",25702,"7",27.2,"27.2",88.2,"2020/09/28 00:00:00+00"
"83",83,1350402,"CARNDONAGH LEA-4","DONEGAL","2ae19629-3f45-13a3-e055-000000000001",16964,"19",112,"112",88.2,"2020/09/28 00:00:00+00"
"84",84,1330401,"KILLALOE LEA-5","CLARE","2ae19629-3f60-13a3-e055-000000000001",20108,"Less than 5 cases",0,"Less than 5 cases",88.2,"2020/09/28 00:00:00+00"
"85",85,1340405,"BANDON - KINSALE LEA-6","CORK","2ae19629-3f68-13a3-e055-000000000001",37269,"10",26.8,"26.8",88.2,"2020/09/28 00:00:00+00"
"86",86,13190400,"BOYLE LEA-6","ROSCOMMON","2ae19629-3f24-13a3-e055-000000000001",21831,"43",197,"197",88.2,"2020/09/28 00:00:00+00"
"87",87,13260427,"CLONTARF LEA-6","DUBLIN","2ae19629-3f5d-13a3-e055-000000000001",54182,"83",153.2,"153.2",88.2,"2020/09/28 00:00:00+00"
"88",88,13220401,"PORTLAW-KILMACTHOMAS LEA-5","WATERFORD","2ae19629-3f32-13a3-e055-000000000001",17120,"Less than 5 cases",0,"Less than 5 cases",88.2,"2020/09/28 00:00:00+00"
"89",89,13220402,"LISMORE LEA-3","WATERFORD","2ae19629-3ef4-13a3-e055-000005300001",10724,"Less than 5 cases",0,"Less than 5 cases",88.2,"2020/09/28 00:00:00+00"
"90",90,1380403,"ATHY LEA-5","KILDARE","2ae19629-3f72-13a3-e055-000000000001",26541,"12",45.2,"45.2",88.2,"2020/09/28 00:00:00+00"
"91",91,13110401,"BALLINAMORE-LEA-6","LEITRIM","2ae19629-3f05-13a3-e055-000000000001",9862,"Less than 5 cases",0,"Less than 5 cases",88.2,"2020/09/28 00:00:00+00"
"92",92,13120420,"LIMERICK CITY WEST LEA-7","LIMERICK","2ae19629-3f0a-13a3-e055-000000000001",34896,"Less than 5 cases",0,"Less than 5 cases",88.2,"2020/09/28 00:00:00+00"
"93",93,13240405,"ENNISCORTHY LEA-6","WEXFORD","2ae19629-3ef4-13a3-e055-999550000001",27253,"17",62.4,"62.4",88.2,"2020/09/28 00:00:00+00"
"94",94,13150405,"SWINFORD LEA-4","MAYO","2ae19629-3ef4-13a3-e055-999110000001",17286,"Less than 5 cases",0,"Less than 5 cases",88.2,"2020/09/28 00:00:00+00"
"95",95,1370404,"CORCA DHUIBHNE LEA-3","KERRY","2ae19629-3ef4-13a3-e055-883360000001",14181,"Less than 5 cases",0,"Less than 5 cases",88.2,"2020/09/28 00:00:00+00"
"96",96,13150404,"WESTPORT LEA-4","MAYO","2ae19629-3ef4-13a3-e055-111110000001",18378,"Less than 5 cases",0,"Less than 5 cases",88.2,"2020/09/28 00:00:00+00"
"97",97,13110402,"CARRICK-ON-SHANNON LEA-6","LEITRIM","2ae19629-3f06-13a3-e055-000000000001",11361,"Less than 5 cases",0,"Less than 5 cases",88.2,"2020/09/28 00:00:00+00"
"98",98,13260408,"KILLINEY-SHANKILL LEA-7","DUBLIN","2ae19629-3f40-13a3-e055-000000000001",38082,"26",68.3,"68.3",88.2,"2020/09/28 00:00:00+00"
"99",99,13260415,"TALLAGHT SOUTH LEA-5","DUBLIN","2ae19629-3f54-13a3-e055-000000000001",35465,"64",180.5,"180.5",88.2,"2020/09/28 00:00:00+00"
"100",100,13210407,"CAHIR LEA-4","TIPPERARY","2ae19629-3ef4-13a3-e055-000005400001",14717,"Less than 5 cases",0,"Less than 5 cases",88.2,"2020/09/28 00:00:00+00"
"101",101,13260407,"GLENCULLEN-SANDYFORD LEA-7","DUBLIN","2ae19629-3f3f-13a3-e055-000000000001",36622,"40",109.2,"109.2",88.2,"2020/09/28 00:00:00+00"
"102",102,13260429,"ARTANE-WHITEHALL LEA-6","DUBLIN","2ae19629-3ef4-13a3-e055-000005200001",51156,"72",140.7,"140.7",88.2,"2020/09/28 00:00:00+00"
"103",103,13170401,"CARRICKMACROSS-CASTLEBLAYNEY LEA-6","MONAGHAN","2ae19629-3f1f-13a3-e055-000000000001",21436,"24",112,"112",88.2,"2020/09/28 00:00:00+00"
"104",104,13200401,"SLIGO-DRUMCLIFF LEA-5","SLIGO","2ae19629-3f28-13a3-e055-000000000001",17675,"6",33.9,"33.9",88.2,"2020/09/28 00:00:00+00"
"105",105,13260401,"SWORDS LEA-7","DUBLIN","2ae19629-3ef8-13a3-e055-000000000001",51370,"88",171.3,"171.3",88.2,"2020/09/28 00:00:00+00"
"106",106,1330402,"SHANNON LEA-7","CLARE","2ae19629-3f61-13a3-e055-000000000001",30397,"Less than 5 cases",0,"Less than 5 cases",88.2,"2020/09/28 00:00:00+00"
"107",107,1340413,"CORK CITY SOUTH CENTRAL LEA-6","CORK","2ae19629-3ef4-13a3-e055-000001100001",38667,"43",111.2,"111.2",88.2,"2020/09/28 00:00:00+00"
"108",108,13260418,"ONGAR LEA-5","DUBLIN","2ae19629-3ef4-13a3-e055-000002200001",35834,"62",173,"173",88.2,"2020/09/28 00:00:00+00"
"109",109,1340406,"BANTRY-WEST CORK LEA-4","CORK","2ae19629-3f41-13a3-e055-000000000001",22424,"Less than 5 cases",0,"Less than 5 cases",88.2,"2020/09/28 00:00:00+00"
"110",110,1330403,"ENNIS LEA-7","CLARE","2ae19629-3f62-13a3-e055-000000000001",30910,"35",113.2,"113.2",88.2,"2020/09/28 00:00:00+00"
"111",111,13150402,"CASTLEBAR LEA-7","MAYO","2ae19629-3f16-13a3-e055-000000000001",29992,"8",26.7,"26.7",88.2,"2020/09/28 00:00:00+00"
"112",112,13230403,"MULLINGAR LEA-6","WESTMEATH","2ae19629-3ef4-13a3-e055-900000000111",25960,"16",61.6,"61.6",88.2,"2020/09/28 00:00:00+00"
"113",113,13120402,"CAPPAMORE-KILMALLOCK LEA-7","LIMERICK","2ae19629-3f09-13a3-e055-000000000001",34821,"7",20.1,"20.1",88.2,"2020/09/28 00:00:00+00"
"114",114,13260410,"BLACKROCK LEA-6","DUBLIN","2ae19629-3f4f-13a3-e055-000000000001",33727,"22",65.2,"65.2",88.2,"2020/09/28 00:00:00+00"
"115",115,1350400,"GLENTIES LEA-6","DONEGAL","2ae19629-3f43-13a3-e055-000000000001",23919,"34",142.1,"142.1",88.2,"2020/09/28 00:00:00+00"
"116",116,1350403,"BUNCRANA LEA-5","DONEGAL","2ae19629-3f46-13a3-e055-000000000001",22366,"26",116.2,"116.2",88.2,"2020/09/28 00:00:00+00"
"117",117,13260409,"DÃšN LAOGHAIRE LEA-7","DUBLIN","2ae19629-3f4e-13a3-e055-000000000001",41627,"37",88.9,"88.9",88.2,"2020/09/28 00:00:00+00"
"118",118,13200402,"SLIGO-STRANDHILL LEA-6","SLIGO","2ae19629-3ef4-13a3-e055-007589300001",21129,"11",52.1,"52.1",88.2,"2020/09/28 00:00:00+00"
"119",119,1350405,"LETTERKENNY LEA-7","DONEGAL","2ae19629-3ef4-13a3-e055-700012002301",29791,"59",198,"198",88.2,"2020/09/28 00:00:00+00"
"120",120,1380401,"CELBRIDGE LEA-4","KILDARE","2ae19629-3f70-13a3-e055-000000000001",21626,"66",305.2,"305.2",88.2,"2020/09/28 00:00:00+00"
"121",121,1330400,"ENNISTIMON LEA-4","CLARE","2ae19629-3f5f-13a3-e055-000000000001",16408,"Less than 5 cases",0,"Less than 5 cases",88.2,"2020/09/28 00:00:00+00"
"122",122,1370403,"KENMARE LEA-6","KERRY","2ae19629-3f6e-13a3-e055-000000000001",25062,"12",47.9,"47.9",88.2,"2020/09/28 00:00:00+00"
"123",123,13160404,"TRIM LEA-6","MEATH","2ae19629-3f1c-13a3-e055-000000000001",31195,"Less than 5 cases",0,"Less than 5 cases",88.2,"2020/09/28 00:00:00+00"
"124",124,13160403,"RATOATH LEA-7","MEATH","2ae19629-3f1b-13a3-e055-000000000001",33318,"22",66,"66",88.2,"2020/09/28 00:00:00+00"
"125",125,13210401,"ROSCREA-TEMPLEMORE LEA-4","TIPPERARY","2ae19629-3f2d-13a3-e055-000000000001",16594,"Less than 5 cases",0,"Less than 5 cases",88.2,"2020/09/28 00:00:00+00"
"126",126,13180401,"TULLAMORE LEA-7","OFFALY","2ae19629-3f22-13a3-e055-000000000001",29159,"28",96,"96",88.2,"2020/09/28 00:00:00+00"
"127",127,1360401,"TUAM LEA-7","GALWAY","2ae19629-3f49-13a3-e055-000000000001",33191,"15",45.2,"45.2",88.2,"2020/09/28 00:00:00+00"
"128",128,13100400,"BORRIS-IN-OSSORY -MOUNTMELLICK LEA-6","LAOIS","2ae19629-3eff-13a3-e055-000000000001",24807,"5",20.2,"20.2",88.2,"2020/09/28 00:00:00+00"
"129",129,13230402,"KINNEGAD LEA-5","WESTMEATH","2ae19629-3f38-13a3-e055-000000000001",21674,"8",36.9,"36.9",88.2,"2020/09/28 00:00:00+00"
"130",130,13260428,"DONAGHMEDE LEA-5","DUBLIN","2ae19629-3f5e-13a3-e055-000000000001",41593,"71",170.7,"170.7",88.2,"2020/09/28 00:00:00+00"
"131",131,1350401,"MILFORD LEA-3","DONEGAL","2ae19629-3f44-13a3-e055-000000000001",13771,"10",72.6,"72.6",88.2,"2020/09/28 00:00:00+00"
"132",132,1360422,"GALWAY CITY EAST LEA-6","GALWAY","2ae19629-3f6a-13a3-e055-000000000001",26595,"25",94,"94",88.2,"2020/09/28 00:00:00+00"
"133",133,13220421,"WATERFORD CITY SOUTH LEA-6","WATERFORD","2ae19629-3f34-13a3-e055-000000000001",22476,"24",106.8,"106.8",88.2,"2020/09/28 00:00:00+00"
"134",134,13140402,"ARDEE LEA-6","LOUTH","2ae19629-3f12-13a3-e055-000000000001",25317,"7",27.6,"27.6",88.2,"2020/09/28 00:00:00+00"
"135",135,13140403,"DROGHEDA RURAL LEA-4","LOUTH","2ae19629-3f13-13a3-e055-000000000001",17876,"Less than 5 cases",0,"Less than 5 cases",88.2,"2020/09/28 00:00:00+00"
"136",136,13110400,"MANORHAMILTON LEA-6","LEITRIM","2ae19629-3f04-13a3-e055-000000000001",10821,"Less than 5 cases",0,"Less than 5 cases",88.2,"2020/09/28 00:00:00+00"
"137",137,13250403,"WICKLOW LEA-6","WICKLOW","2ae19629-3ef5-13a3-e055-000000000001",28219,"13",46.1,"46.1",88.2,"2020/09/28 00:00:00+00"
"138",138,13160402,"ASHBOURNE LEA-6","MEATH","2ae19629-3f1a-13a3-e055-000000000001",29081,"20",68.8,"68.8",88.2,"2020/09/28 00:00:00+00"
"139",139,13170400,"MONAGHAN LEA-7","MONAGHAN","2ae19629-3f1e-13a3-e055-000000000001",22695,"46",202.7,"202.7",88.2,"2020/09/28 00:00:00+00"
"140",140,13100402,"GRAIGUECULLEN -PORTARLINGTON-LEA-6","LAOIS","2ae19629-3f01-13a3-e055-000000000001",28096,"9",32,"32",88.2,"2020/09/28 00:00:00+00"
"141",141,13210404,"CASHEL-TIPPERARY LEA-7","TIPPERARY","2ae19629-3f30-13a3-e055-000000000001",27382,"8",29.2,"29.2",88.2,"2020/09/28 00:00:00+00"
"142",142,13250400,"BALTINGLASS LEA-6","WICKLOW","2ae19629-3f3d-13a3-e055-000000000001",26167,"15",57.3,"57.3",88.2,"2020/09/28 00:00:00+00"
"143",143,1310400,"CARLOW LEA-7","CARLOW","2ae19629-3f02-13a3-e055-000000000001",22650,"5",22.1,"22.1",88.2,"2020/09/28 00:00:00+00"
"144",144,1340400,"KANTURK LEA-4","CORK","2ae19629-3f63-13a3-e055-000000000001",24935,"Less than 5 cases",0,"Less than 5 cases",88.2,"2020/09/28 00:00:00+00"
"145",145,1390402,"PILTOWN LEA-5","KILKENNY","2ae19629-3f76-13a3-e055-000000000001",21343,"8",37.5,"37.5",88.2,"2020/09/28 00:00:00+00"
"146",146,1340414,"CORK CITY SOUTH WEST LEA-7","CORK","2ae19629-3ef4-13a3-e055-000012000001",47049,"69",146.7,"146.7",88.2,"2020/09/28 00:00:00+00"
"147",147,13200400,"BALLYMOTE-TOBERCURRY LEA-7","SLIGO","2ae19629-3f27-13a3-e055-000000000001",26731,"Less than 5 cases",0,"Less than 5 cases",88.2,"2020/09/28 00:00:00+00"
"148",148,13120421,"LIMERICK CITY NORTH LEA-7","LIMERICK","2ae19629-3f0b-13a3-e055-000000000001",34714,"10",28.8,"28.8",88.2,"2020/09/28 00:00:00+00"
"149",149,1360403,"LOUGHREA LEA-5","GALWAY","2ae19629-3f4b-13a3-e055-000000000001",23219,"26",112,"112",88.2,"2020/09/28 00:00:00+00"
"150",150,13260420,"BALLYMUN-FINGLAS LEA-6","DUBLIN","2ae19629-3f56-13a3-e055-000000000001",55010,"149",270.9,"270.9",88.2,"2020/09/28 00:00:00+00"
"151",151,13240404,"WEXFORD LEA-7","WEXFORD","2ae19629-3ef4-13a3-e055-000024000001",29114,"Less than 5 cases",0,"Less than 5 cases",88.2,"2020/09/28 00:00:00+00"
"152",152,13240401,"KILMUCKRIDGE LEA-4","WEXFORD","2ae19629-3f3a-13a3-e055-000000000001",16725,"15",89.7,"89.7",88.2,"2020/09/28 00:00:00+00"
"153",153,1370400,"LISTOWEL LEA-6","KERRY","2ae19629-3f6b-13a3-e055-000000000001",28674,"Less than 5 cases",0,"Less than 5 cases",88.2,"2020/09/28 00:00:00+00"
"154",154,1350406,"LIFFORD-STRANORLAR LEA-6","DONEGAL","2ae19629-3ef4-13a3-e055-075000000001",25889,"156",602.6,"602.6",88.2,"2020/09/28 00:00:00+00"
"155",155,1330404,"KILRUSH LEA-5","CLARE","2ae19629-3ef4-13a3-e055-000000044001",20994,"23",109.6,"109.6",88.2,"2020/09/28 00:00:00+00"
"156",156,1340412,"CORK CITY SOUTH EAST LEA-6","CORK","2ae19629-3ef4-13a3-e055-999990000001",42782,"34",79.5,"79.5",88.2,"2020/09/28 00:00:00+00"
"157",157,1340402,"MIDLETON LEA-7","CORK","2ae19629-3f65-13a3-e055-000000000001",45441,"27",59.4,"59.4",88.2,"2020/09/28 00:00:00+00"
"158",158,13120400,"NEWCASTLE WEST LEA-6","LIMERICK","2ae19629-3f07-13a3-e055-000000000001",27416,"24",87.5,"87.5",88.2,"2020/09/28 00:00:00+00"
"159",159,13260414,"FIRHOUSE-BOHERNABREENA LEA-5","DUBLIN","2ae19629-3f53-13a3-e055-000000000001",34202,"27",78.9,"78.9",88.2,"2020/09/28 00:00:00+00"
"160",160,1380402,"NAAS LEA-7","KILDARE","2ae19629-3f71-13a3-e055-000000000001",39126,"27",69,"69",88.2,"2020/09/28 00:00:00+00"
"161",161,1360400,"CONAMARA NORTH LEA-4","GALWAY","2ae19629-3f48-13a3-e055-000000000001",17191,"8",46.5,"46.5",88.2,"2020/09/28 00:00:00+00"
"162",162,13210403,"CLONMEL LEA-6","TIPPERARY","2ae19629-3f2f-13a3-e055-000000000001",24310,"6",24.7,"24.7",88.2,"2020/09/28 00:00:00+00"
"163",163,1320401,"BAILIEBOROUGH - COOTEHILL LEA-6","CAVAN","2ae19629-3f2a-13a3-e055-000000000001",24415,"22",90.1,"90.1",88.2,"2020/09/28 00:00:00+00"
"164",164,13260403,"CASTLEKNOCK LEA-6","DUBLIN","2ae19629-3efa-13a3-e055-000000000001",46126,"55",119.2,"119.2",88.2,"2020/09/28 00:00:00+00"
"165",165,13120401,"ADARE-RATHKEALE LEA-6","LIMERICK","2ae19629-3f08-13a3-e055-000000000001",27710,"13",46.9,"46.9",88.2,"2020/09/28 00:00:00+00"
"166",166,13240403,"ROSSLARE LEA-5","WEXFORD","2ae19629-3f3c-13a3-e055-000000000001",21540,"Less than 5 cases",0,"Less than 5 cases",88.2,"2020/09/28 00:00:00+00"
